id,UserName,CompanyName,JobTitle
17,tspencerg,Photolist,Account Coordinator
87,tmitchell2e,Dynabox,Account Coordinator
105,cjohnson2w,Mybuzz,Account Coordinator
206,rmedina5p,Edgeblab,Account Coordinator
224,gstephens67,Gabtune,Account Coordinator
444,cfoxcb,Voomm,Account Coordinator
556,bdeanff,Kamba,Account Coordinator
582,wdanielsg5,Topicstorm,Account Coordinator
696,afoxjb,Skynoodle,Account Coordinator
716,thawkinsjv,Jabbersphere,Account Coordinator
765,dmasonl8,Thoughtbeat,Account Coordinator
925,dharrispo,Topiczoom,Account Coordinator
65,hjacobs1s,Trudoo,Account Executive
265,dreed7c,Browsecat,Account Executive
598,cmedinagl,Twitterbeat,Account Executive
711,ajamesjq,Mybuzz,Account Executive
831,jharveyn2,Kayveo,Account Executive
707,eknightjm,Flipstorm,Account Representative I
165,hjacobs4k,Cogidoo,Account Representative II
341,cellis9g,Flipstorm,Account Representative II
152,hhicks47,Skinder,Account Representative III
478,jaustind9,Yotz,Account Representative III
485,nhowarddg,Shufflester,Account Representative IV
744,astephenskn,Skinte,Account Representative IV
838,rknightn9,Gabcube,Account Representative IV
994,cbanksrl,Fadeo,Account Representative IV
398,aromerob1,Vitz,Accountant I
797,dperrym4,Pixonyx,Accountant I
154,jedwards49,Bubblebox,Accountant II
612,rfishergz,Skiba,Accountant II
892,ecollinsor,Realcube,Accountant II
935,rtuckerpy,Miboo,Accountant II
117,jwagner38,Divavu,Accountant III
198,jburns5h,Kimia,Accountant III
367,kmasona6,Wordtune,Accountant III
446,jgonzalezcd,Rhyloo,Accountant III
531,dhanseneq,Skimia,Accountant III
782,acarterlp,Yacero,Accountant III
309,abrown8k,DabZ,Accountant IV
147,padams42,Flashspan,Accounting Assistant I
163,arobertson4i,Oyoyo,Accounting Assistant I
938,dmorenoq1,Wikido,Accounting Assistant I
158,rsimmons4d,Photobug,Accounting Assistant II
173,vfernandez4s,Jayo,Accounting Assistant II
548,hpetersonf7,Centizu,Accounting Assistant II
701,pbrooksjg,Rhynyx,Accounting Assistant II
735,wortizke,Riffpedia,Accounting Assistant II
243,tcruz6q,Tagchat,Accounting Assistant III
390,pknightat,Einti,Accounting Assistant III
644,jaustinhv,Realfire,Accounting Assistant III
402,lcruzb5,Jetpulse,Accounting Assistant IV
600,jstanleygn,Topicblab,Accounting Assistant IV
603,jharveygq,Reallinks,Accounting Assistant IV
767,kburkela,Zoonoodle,Accounting Assistant IV
69,djames1w,Wordify,Actuary
487,hmedinadi,Skinder,Actuary
543,lwoodsf2,Zoovu,Actuary
648,bperkinshz,Bubblemix,Actuary
730,wmoorek9,Jamia,Actuary
751,vgibsonku,Devcast,Actuary
768,kbryantlb,Viva,Actuary
977,dwalkerr4,Voomm,Administrative Assistant I
983,tnguyenra,Skyba,Administrative Assistant I
511,tgilberte6,Jaxbean,Administrative Assistant II
100,chawkins2r,Voonder,Administrative Assistant III
227,tfreeman6a,Quimm,Administrative Assistant III
631,mfordhi,Meejo,Administrative Assistant III
677,wfosteris,Tagchat,Administrative Assistant III
248,kcooper6v,Jabbersphere,Administrative Assistant IV
862,ataylornx,Trudoo,Administrative Assistant IV
27,rdavisq,Twimm,Administrative Officer
97,bwheeler2o,Tazz,Administrative Officer
330,emoreno95,Thoughtsphere,Administrative Officer
502,abaileydx,Meeveo,Administrative Officer
569,schapmanfs,Skyba,Administrative Officer
650,eturneri1,Katz,Administrative Officer
709,jstephensjo,Fanoodle,Administrative Officer
823,jmarshallmu,Fiveclub,Administrative Officer
880,nturnerof,Quaxo,Administrative Officer
374,dhudsonad,Photofeed,Analog Circuit Design manager
393,lwallaceaw,Pixonyx,Analog Circuit Design manager
859,rwillisnu,Centidel,Analog Circuit Design manager
129,wgonzalez3k,Vidoo,Analyst Programmer
483,psimsde,Livefish,Analyst Programmer
518,pbrooksed,DabZ,Analyst Programmer
602,jfishergp,Yozio,Analyst Programmer
665,echavezig,Brightdog,Analyst Programmer
903,bhartp2,Fivechat,Analyst Programmer
933,ebishoppw,Meetz,Analyst Programmer
980,ppayner7,Jabbersphere,Analyst Programmer
21,mwardk,Skibox,Assistant Manager
61,mhayes1o,Pixope,Assistant Manager
262,rrice79,Twitterwire,Assistant Manager
551,jmillsfa,Kwilith,Assistant Manager
683,jelliottiy,Youspan,Assistant Manager
705,smartinjk,Skiba,Assistant Manager
786,jevanslt,Dynava,Assistant Manager
794,nramirezm1,Skipfire,Assistant Manager
832,jharveyn3,Meembee,Assistant Manager
854,rstephensnp,Topiczoom,Assistant Manager
9,jmurray8,Wordtune,Assistant Media Planner
70,bsnyder1x,Wordtune,Assistant Media Planner
142,kfrazier3x,Vipe,Assistant Media Planner
253,mwatkins70,Realbridge,Assistant Media Planner
294,chernandez85,Dabvine,Assistant Media Planner
666,mrogersih,Wordpedia,Assistant Media Planner
668,kschmidtij,Gigabox,Assistant Media Planner
793,chansonm0,Mudo,Assistant Media Planner
86,jkelley2d,Yombu,Assistant Professor
396,tdiazaz,Devbug,Assistant Professor
415,emorrisonbi,Fivechat,Assistant Professor
426,jlittlebt,Thoughtblab,Assistant Professor
528,jdayen,Minyx,Assistant Professor
639,kmillerhq,Shuffledrive,Assistant Professor
649,blewisi0,Kanoodle,Assistant Professor
746,swardkp,Thoughtstorm,Assistant Professor
870,hdayo5,Rhycero,Assistant Professor
132,jpeterson3n,Wikizz,Associate Professor
137,dpowell3s,Podcat,Associate Professor
221,kbradley64,Voonte,Associate Professor
229,dkim6c,Yozio,Associate Professor
520,atuckeref,Voonte,Associate Professor
523,swalkerei,Dynabox,Associate Professor
539,jhilley,Babbleopia,Associate Professor
542,wpricef1,Meemm,Associate Professor
599,sbowmangm,Demimbu,Associate Professor
617,dhudsonh4,Bubblebox,Associate Professor
619,wkennedyh6,Skipfire,Associate Professor
629,bpricehg,Brainsphere,Associate Professor
839,thowardna,Linkbuzz,Associate Professor
890,bjacobsop,JumpXS,Associate Professor
919,jcarpenterpi,Meedoo,Associate Professor
961,mlaneqo,Shuffledrive,Associate Professor
47,jortiz1a,Tekfly,Automation Specialist I
920,shillpj,Camimbo,Automation Specialist I
946,smatthewsq9,Izio,Automation Specialist I
210,kwood5t,Jaxworks,Automation Specialist II
642,tsimpsonht,Edgeclub,Automation Specialist II
42,hrobinson15,Voolith,Automation Specialist IV
401,jcarrb4,BlogXS,Automation Specialist IV
111,hramos32,Rooxo,Biostatistician I
714,bfosterjt,Skajo,Biostatistician I
148,agraham43,Browsezoom,Biostatistician II
410,bmeyerbd,Mybuzz,Biostatistician II
698,rowensjd,Trudeo,Biostatistician II
186,sbarnes55,Linkbuzz,Biostatistician III
895,sduncanou,Topicshots,Budget/Accounting Analyst I
848,bevansnj,Dynava,Budget/Accounting Analyst II
445,chuntercc,Eidel,Budget/Accounting Analyst III
866,jowenso1,Layo,Budget/Accounting Analyst III
408,jandersonbb,Voonyx,Budget/Accounting Analyst IV
512,crogerse7,Gigabox,Budget/Accounting Analyst IV
545,swardf4,Quaxo,Budget/Accounting Analyst IV
549,rkingf8,Latz,Budget/Accounting Analyst IV
627,mryanhe,Jaxbean,Budget/Accounting Analyst IV
637,tsmithho,Mybuzz,Budget/Accounting Analyst IV
382,krichardsonal,Linktype,Business Systems Development Analyst
404,rallenb7,Jabbercube,Business Systems Development Analyst
778,tedwardsll,Fliptune,Business Systems Development Analyst
818,areyesmp,Ntag,Business Systems Development Analyst
836,jhowardn7,Voomm,Business Systems Development Analyst
886,tandersonol,Youspan,Business Systems Development Analyst
897,cstoneow,Dabshots,Business Systems Development Analyst
368,pgarzaa7,Dablist,Chemical Engineer
416,dbaileybj,Podcat,Chemical Engineer
588,cmooregb,Brainlounge,Chemical Engineer
59,ggilbert1m,Mycat,Chief Design Engineer
285,pnichols7w,Topicware,Chief Design Engineer
290,bowens81,Edgeblab,Chief Design Engineer
300,hrichards8b,Photospace,Chief Design Engineer
431,hbrownby,Thoughtbridge,Chief Design Engineer
476,jhenryd7,Fivechat,Chief Design Engineer
491,jforddm,Devify,Chief Design Engineer
655,sandersoni6,Ooba,Chief Design Engineer
702,jjamesjh,Tanoodle,Chief Design Engineer
939,wbutlerq2,Zoozzy,Chief Design Engineer
52,lcruz1f,Realbuzz,Civil Engineer
151,rhart46,Jabberstorm,Civil Engineer
174,jtucker4t,Livetube,Civil Engineer
362,fmartina1,Chatterbridge,Civil Engineer
409,rhillbc,Mynte,Civil Engineer
417,pwelchbk,Buzzshare,Civil Engineer
451,amorenoci,Feedfish,Civil Engineer
614,rwebbh1,Brightbean,Civil Engineer
806,cmoralesmd,Divanoodle,Civil Engineer
810,wpalmermh,Gabcube,Civil Engineer
60,jandrews1n,Fadeo,Clinical Specialist
120,srice3b,Gabcube,Clinical Specialist
197,dmiller5g,Zoonder,Clinical Specialist
217,ksanders60,Skibox,Clinical Specialist
316,apowell8r,Oodoo,Clinical Specialist
319,mhunt8u,Browsebug,Clinical Specialist
366,kvasqueza5,Thoughtbeat,Clinical Specialist
471,hpowelld2,Yamia,Clinical Specialist
482,jharrisdd,Roodel,Clinical Specialist
513,smillere8,Eayo,Clinical Specialist
723,gcarrk2,Avavee,Clinical Specialist
853,jmyersno,Twinder,Clinical Specialist
984,sclarkrb,Teklist,Clinical Specialist
208,mgilbert5r,Twinder,Community Outreach Specialist
238,abennett6l,Twitterbeat,Community Outreach Specialist
284,sreed7v,Yozio,Community Outreach Specialist
584,rarmstrongg7,Browseblab,Community Outreach Specialist
646,kdiazhx,Meezzy,Community Outreach Specialist
752,erichardskv,Omba,Community Outreach Specialist
875,pjamesoa,Fivespan,Community Outreach Specialist
993,jkelleyrk,Skinder,Community Outreach Specialist
101,shicks2s,Lajo,Compensation Analyst
289,rreyes80,Cogibox,Compensation Analyst
360,evasquez9z,Rhybox,Compensation Analyst
618,hlopezh5,Twitterworks,Compensation Analyst
669,afernandezik,Zoombox,Compensation Analyst
690,mreidj5,Aibox,Compensation Analyst
719,prosejy,Dabtype,Compensation Analyst
861,lwillisnw,Quire,Compensation Analyst
953,adayqg,Ntags,Compensation Analyst
39,tdiaz12,Yakitri,Computer Systems Analyst I
314,jfoster8p,Thoughtstorm,Computer Systems Analyst I
199,dfisher5i,Mymm,Computer Systems Analyst II
577,jcunninghamg0,Dazzlesphere,Computer Systems Analyst II
955,aolsonqi,Muxo,Computer Systems Analyst II
204,avasquez5n,Youspan,Computer Systems Analyst III
743,jramirezkm,Kaymbo,Computer Systems Analyst III
894,cmarshallot,Yoveo,Computer Systems Analyst III
742,ajohnstonkl,Leexo,Computer Systems Analyst IV
23,lwilliamsm,Riffpedia,Cost Accountant
94,hromero2l,Fivechat,Cost Accountant
156,kmatthews4b,Mita,Cost Accountant
215,acollins5y,Wikido,Cost Accountant
270,gcooper7h,Kimia,Cost Accountant
530,ppayneep,Fliptune,Cost Accountant
547,jfranklinf6,Jabbertype,Cost Accountant
579,afrazierg2,Fliptune,Cost Accountant
731,aholmeska,Topicstorm,Cost Accountant
745,rfisherko,Latz,Cost Accountant
869,djordano4,Gigazoom,Cost Accountant
916,kmurraypf,Livetube,Cost Accountant
950,rbakerqd,Dabshots,Cost Accountant
363,hmorrisa2,Vinte,Data Coordiator
376,mevansaf,Linkbuzz,Data Coordiator
453,dbanksck,Kwideo,Data Coordiator
473,acooperd4,Aibox,Data Coordiator
678,dbishopit,Geba,Data Coordiator
722,gmyersk1,Brainsphere,Data Coordiator
775,pwrightli,Mynte,Data Coordiator
900,gparkeroz,Dabvine,Data Coordiator
909,ddixonp8,Skajo,Data Coordiator
943,cgonzalezq6,Vitz,Data Coordiator
966,ahernandezqt,Shuffledrive,Data Coordiator
596,pfoxgj,Devshare,Database Administrator I
638,handrewshp,Linklinks,Database Administrator I
108,amontgomery2z,Realpoint,Database Administrator II
562,jboydfl,Riffpath,Database Administrator II
667,jwoodii,Oozz,Database Administrator II
671,darmstrongim,Livefish,Database Administrator II
81,ffranklin28,Eayo,Database Administrator III
412,dcoxbf,Edgetag,Database Administrator III
568,arayfr,Innojam,Database Administrator III
834,agutierrezn5,Topicshots,Database Administrator III
465,ecoopercw,Gigabox,Database Administrator IV
682,eperkinsix,Devcast,Database Administrator IV
907,swilliamsonp6,Kayveo,Database Administrator IV
926,rcarrollpp,Voonder,Database Administrator IV
184,award53,Blogtags,Dental Hygienist
194,egordon5d,Innojam,Dental Hygienist
406,fnguyenb9,Skipfire,Dental Hygienist
474,paustind5,InnoZ,Dental Hygienist
653,jgibsoni4,Skinte,Dental Hygienist
774,gcunninghamlh,Twitterworks,Dental Hygienist
74,gclark21,Yotz,Design Engineer
109,rlewis30,Photobean,Design Engineer
112,pbradley33,Wordpedia,Design Engineer
144,mgrant3z,Tagtune,Design Engineer
304,bchapman8f,Realbridge,Design Engineer
369,amedinaa8,Tazz,Design Engineer
524,ncarpenterej,Quinu,Design Engineer
632,amillshj,Meejo,Design Engineer
647,bphillipshy,Twitterbeat,Design Engineer
652,ehanseni3,Roodel,Design Engineer
885,sromerook,Einti,Design Engineer
958,tcunninghamql,JumpXS,Design Engineer
987,jperkinsre,Einti,Design Engineer
71,rwillis1y,Yabox,Desktop Support Technician
223,prose66,Leenti,Desktop Support Technician
357,jrobinson9w,Brightbean,Desktop Support Technician
364,cpetersa3,Mycat,Desktop Support Technician
508,ccrawforde3,Yodo,Desktop Support Technician
732,mdeankb,Quire,Desktop Support Technician
850,trogersnl,Linklinks,Desktop Support Technician
443,sgeorgeca,Wikizz,Developer I
56,cowens1j,Quire,Developer II
306,grogers8h,Fliptune,Developer II
972,bcoleqz,Skilith,Developer II
239,jmartinez6m,Teklist,Developer III
245,dcrawford6s,Katz,Developer IV
695,cfrazierja,Fiveclub,Developer IV
157,jgarcia4c,Voonte,Director of Sales
418,jfieldsbl,Skimia,Director of Sales
469,istoned0,Riffpedia,Director of Sales
510,rlittlee5,Skidoo,Director of Sales
687,hmurrayj2,Latz,Director of Sales
826,wowensmx,Edgewire,Director of Sales
873,chudsono8,Gabspot,Director of Sales
128,jcruz3j,Geba,Editor
244,dhall6r,Yodoo,Editor
273,jaustin7k,Dabvine,Editor
280,jpatterson7r,Quamba,Editor
461,cthompsoncs,Zoonder,Editor
526,shernandezel,Skivee,Editor
573,jbrooksfw,Cogilith,Editor
750,mwatsonkt,Eayo,Editor
800,sgonzalesm7,Dynava,Editor
816,jricemn,Riffpath,Editor
912,pmoralespb,Avaveo,Editor
982,rfowlerr9,Meezzy,Editor
3,lking2,Realpoint,Electrical Engineer
72,aross1z,Tagchat,Electrical Engineer
96,rcooper2n,Jetpulse,Electrical Engineer
301,rhanson8c,Izio,Electrical Engineer
814,arussellml,Viva,Electrical Engineer
247,llong6u,Jaxnation,Engineer I
576,jhayesfz,Photobean,Engineer I
857,anguyenns,Cogibox,Engineer I
448,dsimmonscf,Youbridge,Engineer II
615,sbutlerh2,Twinte,Engineer II
254,egeorge71,Vipe,Engineer III
385,cwalkerao,Edgewire,Engineer III
560,dpattersonfj,Fivespan,Engineer IV
640,bharveyhr,Voomm,Engineer IV
89,jmeyer2g,Yata,Environmental Specialist
337,psimpson9c,Quatz,Environmental Specialist
373,wellisac,Blogtag,Environmental Specialist
501,rmooredw,Quire,Environmental Specialist
641,ahowellhs,Buzzshare,Environmental Specialist
643,jjameshu,Photobean,Environmental Specialist
718,jhawkinsjx,Trudeo,Environmental Specialist
906,pcoxp5,Jayo,Environmental Specialist
911,wfoxpa,Abatz,Environmental Specialist
62,dporter1p,Cogilith,Environmental Tech
507,jmyerse2,Plambee,Environmental Tech
703,dreyesji,Mydeo,Environmental Tech
734,jelliskd,Tavu,Environmental Tech
821,kramirezms,Quaxo,Environmental Tech
876,sowensob,Innotype,Environmental Tech
914,speterspd,Voonte,Environmental Tech
990,rkimrh,Skalith,Environmental Tech
28,bhenryr,Omba,Executive Secretary
79,pdaniels26,Jamia,Executive Secretary
90,ekennedy2h,Digitube,Executive Secretary
256,banderson73,Avamm,Executive Secretary
275,jhenry7m,Skyble,Executive Secretary
434,jmillsc1,Edgetag,Executive Secretary
468,kboydcz,Leexo,Executive Secretary
790,jrichardsonlx,Kimia,Executive Secretary
849,ithompsonnk,Vidoo,Executive Secretary
37,jmurphy10,Linklinks,Financial Advisor
143,mhicks3y,Eabox,Financial Advisor
232,mevans6f,Meeveo,Financial Advisor
292,shayes83,Feedmix,Financial Advisor
359,hhenry9y,Leexo,Financial Advisor
733,mhallkc,Kwilith,Financial Advisor
16,lfowlerf,Roomm,Financial Analyst
19,ahawkinsi,Quinu,Financial Analyst
66,dharper1t,Myworks,Financial Analyst
324,tferguson8z,Shuffletag,Financial Analyst
429,scarrbw,Zoomcast,Financial Analyst
688,drosej3,Yakidoo,Financial Analyst
749,jalexanderks,Jaxworks,Financial Analyst
822,fevansmt,Twitterwire,Financial Analyst
840,dpalmernb,Cogilith,Financial Analyst
967,tcookqu,Dabjam,Financial Analyst
80,jporter27,Rhycero,Food Chemist
189,agutierrez58,Agimba,Food Chemist
261,dmoore78,Trilia,Food Chemist
753,brileykw,Twinte,Food Chemist
785,ghansenls,Innojam,Food Chemist
872,pthompsono7,Wordtune,Food Chemist
883,hcooperoi,Midel,Food Chemist
947,mpowellqa,Camido,Food Chemist
46,jbryant19,Voonder,General Manager
104,rwarren2v,Brightdog,General Manager
114,cmason35,Blogtag,General Manager
297,slewis88,Buzzbean,General Manager
334,amurray99,Yata,General Manager
433,revansc0,Zoovu,General Manager
486,kjohnsondh,Voolith,General Manager
509,pdixone4,Skaboo,General Manager
681,lmendozaiw,Kwinu,General Manager
760,nsandersl3,Abata,General Manager
882,gperryoh,Jaxnation,General Manager
941,cwardq4,Linkbridge,General Manager
991,ckellyri,Yadel,General Manager
124,wcooper3f,Tagchat,Geological Engineer
257,cday74,Wikivu,Geological Engineer
278,rsimmons7p,Vinte,Geological Engineer
340,tpeters9f,Trudeo,Geological Engineer
662,egriffinid,Gabcube,Geological Engineer
776,nmitchelllj,Mycat,Geological Engineer
843,tfowlerne,Agivu,Geological Engineer
962,dolsonqp,Wikivu,Geological Engineer
515,bmorganea,Yamia,Geologist I
951,ssandersqe,Thoughtmix,Geologist I
6,jreid5,Roodel,Geologist II
139,jcox3u,Dynava,Geologist II
259,aperkins76,Oyope,Geologist II
685,jdunnj0,Browsezoom,Geologist II
801,hmedinam8,Skimia,Geologist II
162,mstanley4h,Photobug,Geologist III
888,rbarneson,Skinder,Geologist III
758,pjamesl1,Divanoodle,Geologist IV
763,ppetersonl6,Leexo,Geologist IV
820,mbowmanmr,Wordware,Geologist IV
936,mbrookspz,Youspan,Geologist IV
29,astephenss,Wikivu,GIS Technical Architect
48,mgraham1b,Flashset,GIS Technical Architect
141,kpatterson3w,Centizu,GIS Technical Architect
252,jfernandez6z,Feednation,GIS Technical Architect
277,cwest7o,Vidoo,GIS Technical Architect
333,kperry98,Blognation,GIS Technical Architect
481,efreemandc,Kazu,GIS Technical Architect
489,pknightdk,Kayveo,GIS Technical Architect
604,lmccoygr,Topicstorm,GIS Technical Architect
250,dclark6x,Tagcat,Graphic Designer
308,ajenkins8j,Gabtype,Graphic Designer
472,staylord3,Rhynyx,Graphic Designer
764,jboydl7,Yambee,Graphic Designer
817,iwilsonmo,Yakidoo,Graphic Designer
910,nsmithp9,Meembee,Graphic Designer
923,rfosterpm,Agimba,Graphic Designer
133,rarmstrong3o,Kazu,Health Coach I
166,wmontgomery4l,BlogXS,Health Coach III
815,rwarrenmm,Innojam,Health Coach III
236,rreid6j,Photofeed,Health Coach IV
479,apattersonda,Edgeclub,Health Coach IV
799,jstewartm6,Agimba,Health Coach IV
371,jcunninghamaa,Twimm,Help Desk Operator
384,rsmithan,Twitterworks,Help Desk Operator
464,lmoorecv,Lazz,Help Desk Operator
533,gharperes,Gabcube,Help Desk Operator
657,mlewisi8,Devify,Help Desk Operator
773,earmstronglg,Quatz,Help Desk Operator
798,ffullerm5,Devpulse,Help Desk Operator
102,cwest2t,Brainbox,Help Desk Technician
293,dwalker84,Oba,Help Desk Technician
395,kknightay,Avaveo,Help Desk Technician
421,ahunterbo,Vitz,Help Desk Technician
460,cwrightcr,Youfeed,Help Desk Technician
480,cmasondb,Yodo,Help Desk Technician
536,dlittleev,Innojam,Help Desk Technician
595,gnguyengi,Skynoodle,Help Desk Technician
607,mshawgu,Edgeify,Help Desk Technician
659,rdanielsia,Yodel,Help Desk Technician
673,jrobertsio,Linkbuzz,Help Desk Technician
757,jtuckerl0,Devbug,Help Desk Technician
7,hgilbert6,Skipfire,Human Resources Assistant I
296,rjames87,Jetpulse,Human Resources Assistant I
488,jbaileydj,Topicblab,Human Resources Assistant I
759,jlewisl2,Camido,Human Resources Assistant I
887,hknightom,Kwilith,Human Resources Assistant I
188,emedina57,Aimbu,Human Resources Assistant II
841,cbishopnc,Roodel,Human Resources Assistant II
899,lporteroy,Abatz,Human Resources Assistant II
932,kgreenpv,Rhynoodle,Human Resources Assistant II
20,mhartj,Dynabox,Human Resources Assistant III
106,jbradley2x,Photojam,Human Resources Assistant III
230,rhawkins6d,Skimia,Human Resources Assistant III
10,ejones9,Skyvu,Human Resources Assistant IV
93,slawson2k,Quinu,Human Resources Assistant IV
264,lwright7b,Jabbersphere,Human Resources Assistant IV
917,nmatthewspg,Vidoo,Human Resources Assistant IV
41,fcooper14,Dabshots,Human Resources Manager
190,bmccoy59,Shufflester,Human Resources Manager
326,ghanson91,Mymm,Human Resources Manager
624,jramoshb,Topiclounge,Human Resources Manager
884,kwillisoj,Avavee,Human Resources Manager
970,eknightqx,Demimbu,Human Resources Manager
38,hbailey11,Lazz,Information Systems Manager
76,bhawkins23,Oyoyo,Information Systems Manager
246,jboyd6t,Skyvu,Information Systems Manager
305,nphillips8g,Tanoodle,Information Systems Manager
375,swelchae,Einti,Information Systems Manager
391,dhansonau,Browseblab,Information Systems Manager
438,dfowlerc5,Dabtype,Information Systems Manager
529,hmarshalleo,Voonder,Information Systems Manager
585,pmooreg8,Roombo,Information Systems Manager
589,cdaygc,Gabcube,Information Systems Manager
717,mphillipsjw,Zoozzy,Information Systems Manager
971,scunninghamqy,Aibox,Information Systems Manager
55,rsimpson1i,Babbleblab,Internal Auditor
125,areid3g,Edgetag,Internal Auditor
207,aturner5q,Twinder,Internal Auditor
213,adunn5w,Oyondu,Internal Auditor
258,ahansen75,Topicware,Internal Auditor
436,lgonzalesc3,Fiveclub,Internal Auditor
442,slanec9,Eimbee,Internal Auditor
455,nmitchellcm,Mybuzz,Internal Auditor
570,nbanksft,Kazu,Internal Auditor
651,rmendozai2,Jetpulse,Internal Auditor
945,abowmanq8,Jabbertype,Internal Auditor
965,kjenkinsqs,Jaxnation,Internal Auditor
995,hpiercerm,Zava,Internal Auditor
272,ksanders7j,Oozz,Junior Executive
466,jlopezcx,Photobug,Junior Executive
503,tfullerdy,Zoonoodle,Junior Executive
770,pmorrisld,Edgeblab,Junior Executive
896,aboydov,Oozz,Junior Executive
68,drichardson1v,Roombo,Legal Assistant
180,dgarza4z,Topiczoom,Legal Assistant
201,amills5k,Kwideo,Legal Assistant
203,aromero5m,Twimm,Legal Assistant
295,aday86,Plambee,Legal Assistant
661,dgilbertic,Shufflester,Legal Assistant
761,rhawkinsl4,Livepath,Legal Assistant
805,gpiercemc,InnoZ,Legal Assistant
963,daustinqq,Jabbersphere,Legal Assistant
121,cnichols3c,Devshare,Librarian
138,lcoleman3t,Babbleset,Librarian
235,schavez6i,Edgetag,Librarian
343,lcastillo9i,Youspan,Librarian
355,jthomas9u,Flipopia,Librarian
441,hhawkinsc8,Dazzlesphere,Librarian
623,eharveyha,Vipe,Librarian
959,twilliamsqm,Roomm,Librarian
22,rperezl,Livetube,Marketing Assistant
34,jmorenox,Brainsphere,Marketing Assistant
58,jcruz1l,Skimia,Marketing Assistant
67,mhenderson1u,Realmix,Marketing Assistant
110,jpierce31,Gabcube,Marketing Assistant
392,tmyersav,Skipstorm,Marketing Assistant
449,rharrisoncg,Browsecat,Marketing Assistant
450,dreynoldsch,Jabberstorm,Marketing Assistant
554,rreynoldsfd,Blogtags,Marketing Assistant
555,pgreenefe,Realmix,Marketing Assistant
769,jdeanlc,Trudoo,Marketing Assistant
809,lgomezmg,Twitterworks,Marketing Assistant
868,lcoleo3,Browsebug,Marketing Assistant
889,kmartinoo,Flipopia,Marketing Assistant
927,lallenpq,Pixonyx,Marketing Assistant
63,wfisher1q,Bubblebox,Marketing Manager
175,jsims4u,Oyope,Marketing Manager
338,dmcdonald9d,Topiczoom,Marketing Manager
435,dwilsonc2,Feedspan,Marketing Manager
636,solsonhn,Mita,Marketing Manager
737,bmorgankg,Quatz,Marketing Manager
95,dhughes2m,Youfeed,Mechanical Systems Engineer
126,smatthews3h,Tagtune,Mechanical Systems Engineer
218,trose61,Flipstorm,Mechanical Systems Engineer
325,jvasquez90,Jabbertype,Mechanical Systems Engineer
328,jschmidt93,Skidoo,Mechanical Systems Engineer
379,vpetersonai,Dabtype,Mechanical Systems Engineer
387,bbellaq,Wordpedia,Mechanical Systems Engineer
540,mfernandezez,Wikizz,Mechanical Systems Engineer
546,llopezf5,Fivechat,Mechanical Systems Engineer
672,jnelsonin,Rhyzio,Mechanical Systems Engineer
877,rowensoc,Gabcube,Mechanical Systems Engineer
905,jholmesp4,Zoovu,Mechanical Systems Engineer
268,acastillo7f,Gabcube,Media Manager I
590,jgordongd,Jazzy,Media Manager I
704,calvarezjj,Yakidoo,Media Manager I
583,jtuckerg6,Jabbersphere,Media Manager III
440,kcastilloc7,Realfire,Media Manager IV
40,bdean13,Thoughtstorm,Nuclear Power Engineer
177,bwashington4w,Meevee,Nuclear Power Engineer
332,aboyd97,Kwimbee,Nuclear Power Engineer
399,schapmanb2,Jabberbean,Nuclear Power Engineer
447,cmartinezce,Fatz,Nuclear Power Engineer
535,mburnseu,Yombu,Nuclear Power Engineer
645,iturnerhw,Rhynoodle,Nuclear Power Engineer
781,ibradleylo,Voonder,Nuclear Power Engineer
940,dcunninghamq3,Photojam,Nuclear Power Engineer
45,acook18,Oyonder,Nurse
84,cgeorge2b,Photojam,Nurse
168,dsimmons4n,Feedmix,Nurse
342,lmcdonald9h,Oyonder,Nurse
350,pmarshall9p,Twitterworks,Nurse
397,jcarterb0,Oyoloo,Nurse
514,ghudsone9,Tekfly,Nurse
553,mgarrettfc,Youspan,Nurse
676,jlawrenceir,Twitterbridge,Nurse
720,selliottjz,Youspan,Nurse
747,egreenkq,Dabfeed,Nurse
824,bhuntmv,Snaptags,Nurse
30,tmorrist,Meedoo,Nurse Practicioner
64,kward1r,Flashset,Nurse Practicioner
134,dwoods3p,Mycat,Nurse Practicioner
226,lturner69,Zoomlounge,Nurse Practicioner
349,ecarr9o,Skivee,Nurse Practicioner
372,dfranklinab,Flipstorm,Nurse Practicioner
389,mmorganas,Jayo,Nurse Practicioner
586,mryang9,Latz,Nurse Practicioner
729,srileyk8,Skipfire,Nurse Practicioner
756,cfisherkz,Zoomzone,Nurse Practicioner
999,rmeyerrq,Youfeed,Nurse Practicioner
149,wnichols44,Mudo,Occupational Therapist
195,wfowler5e,Devbug,Occupational Therapist
470,bwalkerd1,Photobug,Occupational Therapist
664,pmartinezif,Eare,Occupational Therapist
686,kgarciaj1,Mymm,Occupational Therapist
740,ssimmonskj,Skynoodle,Occupational Therapist
830,njacksonn1,Browsebug,Occupational Therapist
968,rlaneqv,Zoomlounge,Occupational Therapist
276,mcastillo7n,Geba,Office Assistant I
684,jfieldsiz,Kwideo,Office Assistant I
4,dlopez3,Rhybox,Office Assistant II
274,jrichards7l,Linktype,Office Assistant II
625,mhallhc,Zooveo,Office Assistant III
881,jriveraog,Photojam,Office Assistant IV
77,eflores24,Pixope,Operator
172,dsnyder4r,Linktype,Operator
263,roliver7a,Flipbug,Operator
352,afranklin9r,Wordpedia,Operator
692,lfullerj7,Thoughtstorm,Operator
694,ebradleyj9,Rhyloo,Operator
858,khartnt,Voolith,Operator
893,awardos,Feedbug,Operator
928,djordanpr,Feedfire,Operator
981,wreidr8,Fanoodle,Operator
986,jstevensrd,Wikivu,Operator
14,cmurrayd,Centizu,Paralegal
176,lmiller4v,Geba,Paralegal
191,aweaver5a,Snaptags,Paralegal
216,frichardson5z,Kaymbo,Paralegal
329,jlarson94,Skidoo,Paralegal
557,bmatthewsfg,Zoomlounge,Paralegal
633,talvarezhk,Gabspot,Paralegal
902,afosterp1,Eidel,Paralegal
161,jvasquez4g,Linkbuzz,Payment Adjustment Coordinator
209,eholmes5s,Thoughtstorm,Payment Adjustment Coordinator
255,hsimpson72,Quamba,Payment Adjustment Coordinator
269,jwagner7g,Jabbercube,Payment Adjustment Coordinator
336,sknight9b,Zoozzy,Payment Adjustment Coordinator
339,bmeyer9e,Photobean,Payment Adjustment Coordinator
345,dparker9k,Kwilith,Payment Adjustment Coordinator
541,twestf0,Kimia,Payment Adjustment Coordinator
708,wmurrayjn,Talane,Payment Adjustment Coordinator
739,jhendersonki,Quimba,Payment Adjustment Coordinator
741,tmorriskk,Roomm,Payment Adjustment Coordinator
795,colsonm2,Wordtune,Payment Adjustment Coordinator
904,dbennettp3,Reallinks,Payment Adjustment Coordinator
43,chanson16,Zoonoodle,Pharmacist
522,krichardsoneh,Twitterbridge,Pharmacist
580,wcruzg3,Twinte,Pharmacist
689,jgonzalesj4,Livetube,Pharmacist
835,slewisn6,Vitz,Pharmacist
944,hhartq7,Tekfly,Pharmacist
964,jholmesqr,Dabfeed,Pharmacist
118,brussell39,Realmix,Physical Therapy Assistant
271,jweaver7i,Flashdog,Physical Therapy Assistant
307,thawkins8i,Katz,Physical Therapy Assistant
361,blonga0,Fliptune,Physical Therapy Assistant
608,dbishopgv,Mybuzz,Physical Therapy Assistant
613,swalkerh0,Oba,Physical Therapy Assistant
808,afordmf,Eazzy,Physical Therapy Assistant
844,lhartnf,Fadeo,Physical Therapy Assistant
130,carnold3l,Thoughtbridge,Product Engineer
164,aromero4j,Dazzlesphere,Product Engineer
237,swilliamson6k,Trilia,Product Engineer
266,rhicks7d,Kimia,Product Engineer
497,briceds,Zoombeat,Product Engineer
499,pfowlerdu,Skyba,Product Engineer
660,dbarnesib,Fivespan,Product Engineer
851,jwardnm,Browsetype,Product Engineer
1,mmitchell0,Oba,Professor
57,mharris1k,Linkbridge,Professor
135,cshaw3q,Shufflester,Professor
181,jjohnston50,Kamba,Professor
370,awoodsa9,Oozz,Professor
467,dandersoncy,Tagcat,Professor
495,awallacedq,Skalith,Professor
621,mramosh8,Oyoyo,Professor
860,ilarsonnv,Livepath,Professor
901,rallenp0,Topicware,Professor
185,ljenkins54,Kwinu,Programmer Analyst I
383,bryanam,Browsebug,Programmer Analyst I
75,jgonzales22,Skyble,Programmer Analyst III
978,ecarterr5,Kazio,Programmer Analyst III
424,randrewsbr,Eadel,Programmer Analyst IV
494,drobinsondp,Edgeify,Programmer II
31,dgrantu,Voonder,Programmer IV
571,cduncanfu,Quinu,Programmer IV
934,ajohnstonpx,Eadel,Programmer IV
998,rgonzalezrp,Podcat,Programmer IV
160,creed4f,Feedfish,Project Manager
193,mwallace5c,Edgeify,Project Manager
202,kreynolds5l,Browsecat,Project Manager
211,dporter5u,Twitterworks,Project Manager
302,jarmstrong8d,Yotz,Project Manager
498,pmendozadt,Wordpedia,Project Manager
609,ahartgw,Dabtype,Project Manager
726,cwelchk5,Flashset,Project Manager
728,lchapmank7,Thoughtmix,Project Manager
813,emcdonaldmk,Dabtype,Project Manager
879,jscottoe,Myworks,Project Manager
91,welliott2i,Rhybox,Quality Control Specialist
310,jfernandez8l,Yoveo,Quality Control Specialist
452,fmatthewscj,Gabtune,Quality Control Specialist
855,cperrynq,Tagchat,Quality Control Specialist
949,jruizqc,Jetwire,Quality Control Specialist
419,lmoralesbm,Oyoyo,Quality Engineer
425,hortizbs,Kaymbo,Quality Engineer
675,tschmidtiq,Brightbean,Quality Engineer
784,barmstronglr,Brainbox,Quality Engineer
788,agrahamlv,Rhynoodle,Quality Engineer
115,jhoward36,Yodoo,Recruiter
153,ncooper48,Thoughtbeat,Recruiter
196,lross5f,Mycat,Recruiter
351,vwatkins9q,Einti,Recruiter
930,pjohnstonpt,Quamba,Recruiter
167,sramirez4m,Fivebridge,Recruiting Manager
313,mstanley8o,Skaboo,Recruiting Manager
347,vryan9m,Divavu,Recruiting Manager
348,sdixon9n,Flipopia,Recruiting Manager
405,krichardsb8,Trunyx,Recruiting Manager
458,acoopercp,Tambee,Recruiting Manager
561,ahowardfk,Gigabox,Recruiting Manager
635,jgibsonhm,Ooba,Recruiting Manager
680,dbrooksiv,Cogibox,Recruiting Manager
715,jgrayju,Camido,Recruiting Manager
754,lcampbellkx,Tazz,Recruiting Manager
828,llynchmz,Oyoba,Recruiting Manager
159,slittle4e,Dabshots,Registered Nurse
183,jmurphy52,Chatterbridge,Registered Nurse
234,progers6h,Aibox,Registered Nurse
251,mcoleman6y,LiveZ,Registered Nurse
318,lchapman8t,Gigashots,Registered Nurse
403,dlawsonb6,Dabjam,Registered Nurse
428,cwatkinsbv,Meetz,Registered Nurse
578,ldixong1,Kimia,Registered Nurse
874,wturnero9,Eare,Registered Nurse
779,mlopezlm,Photolist,Research Assistant I
171,tarmstrong4q,Photofeed,Research Assistant II
136,vdixon3r,Jabbersphere,Research Assistant III
320,scrawford8v,Kimia,Research Assistant III
871,jhendersono6,Voolith,Research Assistant III
240,rbaker6n,Photobug,Research Associate
241,mschmidt6o,Yambee,Research Associate
298,sevans89,Skajo,Research Associate
388,clanear,Lazz,Research Associate
414,pfoxbh,Wikivu,Research Associate
492,woliverdn,Wikizz,Research Associate
517,kmoralesec,Brainsphere,Research Associate
231,ebailey6e,Feednation,Research Nurse
563,crobertsfm,Twiyo,Research Nurse
605,clewisgs,Innotype,Research Nurse
628,cmurrayhf,Einti,Research Nurse
674,rgordonip,Topicstorm,Research Nurse
827,tbutlermy,Divavu,Research Nurse
992,pbaileyrj,Meedoo,Research Nurse
116,tdunn37,Voonte,Safety Technician I
516,aandrewseb,Dabshots,Safety Technician I
937,hmooreq0,Wikido,Safety Technician I
1000,jwatsonrr,Buzzbean,Safety Technician I
18,ddanielsh,Gabcube,Safety Technician II
127,dsmith3i,Yakijo,Safety Technician II
386,klawsonap,Voomm,Safety Technician II
462,dmeyerct,Gigaclub,Safety Technician II
670,mmitchellil,Thoughtstorm,Safety Technician II
922,fpalmerpl,Janyx,Safety Technician II
985,ncastillorc,Chatterbridge,Safety Technician II
260,smcdonald77,Aivee,Safety Technician III
2,ghenry1,Bubbletube,Safety Technician IV
140,dcarter3v,Feedfish,Safety Technician IV
411,swatkinsbe,Edgeclub,Safety Technician IV
572,adayfv,Browsebug,Safety Technician IV
976,wfergusonr3,Wordpedia,Safety Technician IV
11,slawsona,Dablist,Sales Associate
88,pbowman2f,Ainyx,Sales Associate
225,fedwards68,Skajo,Sales Associate
422,klynchbp,Agimba,Sales Associate
427,mwarrenbu,Agivu,Sales Associate
496,athomasdr,Realmix,Sales Associate
505,jportere0,Katz,Sales Associate
616,cgilberth3,Blogtags,Sales Associate
654,dnelsoni5,Vinder,Sales Associate
833,lwatsonn4,Skalith,Sales Associate
484,vfosterdf,Thoughtstorm,Sales Representative
538,gsnyderex,Centidel,Sales Representative
697,jrosejc,Realmix,Sales Representative
804,ewatkinsmb,Skipfire,Sales Representative
865,jramirezo0,Skipfire,Sales Representative
407,mpattersonba,Tagfeed,Senior Cost Accountant
420,tramosbn,Kwideo,Senior Cost Accountant
500,jmorrisdv,Tekfly,Senior Cost Accountant
559,crichardsfi,Eare,Senior Cost Accountant
792,aolsonlz,Kimia,Senior Cost Accountant
898,dmeyerox,Dabtype,Senior Cost Accountant
918,amendozaph,Agivu,Senior Cost Accountant
921,eperezpk,Jabbersphere,Senior Cost Accountant
956,rriveraqj,Shuffledrive,Senior Cost Accountant
35,pryany,Devshare,Senior Developer
50,bowens1d,Quaxo,Senior Developer
150,jdean45,Quatz,Senior Developer
179,showard4y,Digitube,Senior Developer
282,rfisher7t,Leexo,Senior Developer
475,dlongd6,Meembee,Senior Developer
558,acarrollfh,Miboo,Senior Developer
249,thall6w,Skyble,Senior Editor
459,tmarshallcq,Fivebridge,Senior Editor
493,ahalldo,Teklist,Senior Editor
691,pwillisj6,Voonte,Senior Editor
706,sdayjl,Pixope,Senior Editor
996,wclarkrn,Photojam,Senior Editor
5,phayes4,Topicstorm,Senior Financial Analyst
13,scarterc,Thoughtbridge,Senior Financial Analyst
24,hwarrenn,Gabtune,Senior Financial Analyst
36,sshawz,Brainbox,Senior Financial Analyst
842,lcoxnd,Rhyzio,Senior Financial Analyst
123,ataylor3e,Riffpedia,Senior Quality Engineer
187,wwarren56,Twitterwire,Senior Quality Engineer
564,staylorfn,Centizu,Senior Quality Engineer
626,mfernandezhd,Dabtype,Senior Quality Engineer
630,hrichardsonhh,Fliptune,Senior Quality Engineer
721,chunterk0,Jaloo,Senior Quality Engineer
344,jrussell9j,Camimbo,Senior Sales Associate
377,eshawag,Skidoo,Senior Sales Associate
506,rdanielse1,Fadeo,Senior Sales Associate
924,bfisherpn,Feednation,Senior Sales Associate
988,lnicholsrf,Oyondu,Senior Sales Associate
8,lpalmer7,Avaveo,Social Worker
103,lmarshall2u,Browsedrive,Social Worker
335,jbrooks9a,Realfire,Social Worker
521,stayloreg,Jabbercube,Social Worker
567,egordonfq,Kanoodle,Social Worker
724,awardk3,Zoomzone,Social Worker
803,alopezma,Browsebug,Social Worker
973,rmartinezr0,Jabbersphere,Social Worker
975,rgonzalezr2,Photospace,Social Worker
593,jgonzalezgg,Skinder,Software Consultant
693,lrossj8,Rhycero,Software Consultant
710,acarterjp,Twimbo,Software Consultant
777,fstanleylk,Ntags,Software Consultant
219,sowens62,Edgeify,Software Engineer I
437,lolsonc4,Jabbertype,Software Engineer I
663,jpattersonie,Tekfly,Software Engineer I
200,cgordon5j,Flipstorm,Software Engineer II
146,iwilliams41,Rhynoodle,Software Engineer III
242,swilliamson6p,Eazzy,Software Engineer III
532,rscotter,Miboo,Software Engineer III
847,crichardsni,Jetwire,Software Engineer III
365,chansona4,Demivee,Software Engineer IV
591,pstephensge,Livetube,Software Engineer IV
942,irichardsq5,Photojam,Software Engineer IV
233,hlarson6g,Buzzster,Software Test Engineer I
519,nallenee,Dynabox,Software Test Engineer I
787,dpattersonlu,Topicstorm,Software Test Engineer I
796,jhallm3,Oyondu,Software Test Engineer I
192,cbrown5b,Kazio,Software Test Engineer II
908,kgardnerp7,Jabbercube,Software Test Engineer II
107,wlong2y,Yodel,Software Test Engineer III
99,bjenkins2q,Ntag,Software Test Engineer IV
12,rhansenb,Twitterwire,Speech Pathologist
44,bwatkins17,Gabvine,Speech Pathologist
113,rbanks34,Twinte,Speech Pathologist
222,hriley65,Twinder,Speech Pathologist
299,ehunter8a,Twitternation,Speech Pathologist
537,pbishopew,Fanoodle,Speech Pathologist
552,nfoxfb,Cogilith,Speech Pathologist
592,sbarnesgf,Zava,Speech Pathologist
581,arodriguezg4,Rhycero,Staff Accountant II
432,dhamiltonbz,Pixope,Staff Accountant III
725,mweaverk4,Lazz,Staff Accountant III
303,ehoward8e,Feednation,Staff Accountant IV
700,rfieldsjf,Kare,Staff Accountant IV
802,jsimpsonm9,Mybuzz,Staff Accountant IV
73,jwilliamson20,Fatz,Staff Scientist
92,dwillis2j,Rooxo,Staff Scientist
131,mhamilton3m,Dynava,Staff Scientist
182,dsullivan51,Edgetag,Staff Scientist
287,astanley7y,Quinu,Staff Scientist
323,chenderson8y,Fivechat,Staff Scientist
378,dcoleah,Thoughtstorm,Staff Scientist
380,bevansaj,Edgepulse,Staff Scientist
454,phuntercl,Rhynyx,Staff Scientist
504,eaustindz,Zooveo,Staff Scientist
550,mmorrisonf9,Abata,Staff Scientist
611,bhicksgy,Feedfire,Staff Scientist
169,lsullivan4o,Pixoboo,Statistician I
394,pmarshallax,Browsezoom,Statistician I
771,rpetersle,Brainbox,Statistician I
829,cmartinezn0,Dabtype,Statistician I
863,jfoxny,Livepath,Statistician I
155,wsnyder4a,Tagchat,Statistician II
610,nbakergx,Realcube,Statistician II
33,jfieldsw,Bubblebox,Statistician III
587,jarnoldga,Vinder,Statistician III
780,jowensln,Meetz,Statistician III
783,ltorreslq,Yodel,Statistician IV
122,ldean3d,Camido,Structural Analysis Engineer
291,jaustin82,Avavee,Structural Analysis Engineer
601,mromerogo,Jazzy,Structural Analysis Engineer
634,sdeanhl,Dabjam,Structural Analysis Engineer
748,kgarrettkr,Centidel,Structural Analysis Engineer
837,cfergusonn8,Jetwire,Structural Analysis Engineer
15,rwellse,Browsebug,Structural Engineer
49,skennedy1c,Flashspan,Structural Engineer
53,sgriffin1g,Zoonoodle,Structural Engineer
82,kgordon29,Buzzshare,Structural Engineer
178,rgarcia4x,Jabberstorm,Structural Engineer
283,jpierce7u,Feedmix,Structural Engineer
565,ekennedyfo,Photojam,Structural Engineer
566,scoxfp,Quimm,Structural Engineer
929,rgordonps,Zoonder,Structural Engineer
26,emillsp,Quatz,Systems Administrator I
477,tmccoyd8,Twiyo,Systems Administrator I
845,mrileyng,Innojam,Systems Administrator I
32,rfernandezv,Yodo,Systems Administrator II
463,bgonzalescu,Yozio,Systems Administrator II
78,fbrooks25,Skyba,Systems Administrator III
205,lmiller5o,Latz,Systems Administrator III
736,ereynoldskf,Topicblab,Systems Administrator III
979,glarsonr6,Dabvine,Systems Administrator IV
312,wwallace8n,Thoughtbridge,Tax Accountant
321,mstewart8w,Tagpad,Tax Accountant
423,smitchellbq,Realpoint,Tax Accountant
597,ppalmergk,Miboo,Tax Accountant
679,cperryiu,Dabtype,Tax Accountant
772,dhansenlf,Tagfeed,Tax Accountant
846,srichardsnh,Topicshots,Tax Accountant
891,mrogersoq,Gabtype,Tax Accountant
212,kbryant5v,Eare,Teacher
220,mwagner63,Tagpad,Teacher
346,dfreeman9l,Mynte,Teacher
620,ayoungh7,Youbridge,Teacher
713,jwatsonjs,Centidel,Teacher
738,tharriskh,Yamia,Teacher
762,scarterl5,Devpulse,Teacher
811,vjamesmi,Voolith,Teacher
825,ffowlermw,Layo,Teacher
867,bcarrollo2,Vipe,Teacher
960,ewatkinsqn,Zoomlounge,Teacher
51,mford1e,Shuffletag,Technical Writer
315,klee8q,Latz,Technical Writer
353,jwelch9s,Riffpath,Technical Writer
358,fellis9x,Aimbo,Technical Writer
381,nharrisak,Roodel,Technical Writer
439,acruzc6,Roombo,Technical Writer
527,aperkinsem,Twitternation,Technical Writer
544,bharveyf3,Gigaclub,Technical Writer
699,mkennedyje,Realfire,Technical Writer
852,bperrynn,Browsetype,Technical Writer
913,srussellpc,Aimbo,Technical Writer
931,jcarpenterpu,Skyvu,Technical Writer
989,swarrenrg,Blogtag,Technical Writer
997,dlawsonro,Gigashots,Technical Writer
354,jray9t,Shuffletag,VP Accounting
413,rboydbg,Izio,VP Accounting
574,jbennettfx,Quinu,VP Accounting
755,wcolemanky,Abata,VP Accounting
878,lramirezod,Realcube,VP Accounting
948,gpetersqb,Skiba,VP Accounting
957,astanleyqk,Lajo,VP Accounting
969,ngardnerqw,Bubblemix,VP Accounting
974,mmontgomeryr1,Ainyx,VP Accounting
25,jbradleyo,Edgeify,VP Marketing
83,wpatterson2a,Eimbee,VP Marketing
228,jcampbell6b,Realbridge,VP Marketing
286,cortiz7x,Innojam,VP Marketing
288,tramirez7z,Flipbug,VP Marketing
331,jwagner96,Youspan,VP Marketing
457,jmontgomeryco,Latz,VP Marketing
490,edavisdl,Wordware,VP Marketing
712,bmoorejr,Yakitri,VP Marketing
807,rweaverme,Realfire,VP Marketing
856,slewisnr,Divanoodle,VP Marketing
952,rmasonqf,Dynazzy,VP Marketing
658,jwilsoni9,Shuffledrive,VP Product Management
954,bgriffinqh,Fivebridge,VP Product Management
98,dbarnes2p,Topicblab,VP Quality Control
119,ahenderson3a,Oyope,VP Quality Control
214,colson5x,Skilith,VP Quality Control
322,ghoward8x,Tambee,VP Quality Control
430,mricebx,Wikido,VP Quality Control
534,talvarezet,Jamia,VP Quality Control
622,rtorresh9,Skivee,VP Quality Control
727,mchapmank6,Chatterbridge,VP Quality Control
819,scastillomq,Meembee,VP Quality Control
170,jrodriguez4p,Eire,VP Sales
281,nfowler7s,Skaboo,VP Sales
317,jmurray8s,Rooxo,VP Sales
356,dday9v,Livetube,VP Sales
400,shansonb3,Skajo,VP Sales
812,pbanksmj,Tagpad,VP Sales
915,jmasonpe,Jaxbean,VP Sales
54,bmcdonald1h,Skippad,Web Designer I
606,tcarpentergt,Mynte,Web Designer I
766,pelliottl9,Eimbee,Web Designer I
456,efullercn,Photobug,Web Designer II
575,bwarrenfy,Zoomcast,Web Designer II
279,lbaker7q,Myworks,Web Designer III
311,jmills8m,Voomm,Web Designer III
85,kturner2c,Geba,Web Designer IV
327,jreynolds92,Vinte,Web Designer IV
594,swheelergh,Yozio,Web Designer IV
267,jpowell7e,Dablist,Web Developer I
525,sedwardsek,Eadel,Web Developer I
656,kmorgani7,Quatz,Web Developer I
145,ralvarez40,Yozio,Web Developer III
789,fthompsonlw,Gigaclub,Web Developer III
864,rbanksnz,Yakijo,Web Developer III
791,jjacksonly,Kwilith,Web Developer IV
